name,email,region,country,numberrange
Christopher Curry,sed@google.couk,Western Australia,Nigeria,2
Sybil Hickman,at.iaculis@protonmail.couk,Limón,Peru,8
Keith Mullen,mollis.phasellus.libero@outlook.edu,La Guajira,Ukraine,4
Gareth Knight,nec.mollis@aol.net,Munster,Ukraine,6
Patrick Fuller,odio.nam@icloud.edu,Northern Territory,Nigeria,8
Arthur Valencia,sed.consequat@google.net,Tasmania,Nigeria,6
Brian Mendez,sed.molestie@icloud.ca,Kujawsko-pomorskie,United States,3
Sonia Trevino,fusce@outlook.ca,Alajuela,South Korea,9
Audra Stephenson,faucibus.orci.luctus@aol.org,Kujawsko-pomorskie,Ireland,9
Salvador Mckay,turpis.vitae.purus@protonmail.edu,Katsina,Netherlands,3
Lucy Barton,dignissim.magna.a@outlook.edu,Viken,United States,5
Mohammad Lynn,a.enim@google.net,Sikkim,Costa Rica,8
Raymond Dalton,curae.phasellus.ornare@outlook.couk,Missouri,Vietnam,3
Jacob Cannon,mollis.integer@outlook.com,East Java,Canada,6
Maia Buckner,nibh.sit@aol.com,Huádōng,Turkey,1
Savannah Carson,eget.ipsum@protonmail.org,Uttarakhand,Ireland,7
Vladimir Moody,elit.pede@aol.net,Burgenland,Canada,7
Guinevere Mayer,sociis.natoque@protonmail.ca,Chernivtsi oblast,Pakistan,2
Hiram Gaines,malesuada.fringilla@google.com,Styria,Austria,7
Stella Hester,donec.est.nunc@icloud.ca,Munster,Norway,6
Madison Cobb,ac.ipsum@protonmail.com,Murcia,Costa Rica,10
Jana Munoz,rutrum.justo.praesent@google.com,Noord Holland,Poland,8
Anjolie Hunt,in@aol.net,Uttarakhand,Ireland,9
Dale Holder,ornare.lectus.justo@outlook.com,Sląskie,Italy,4
Wilma Carr,diam.nunc@outlook.ca,Poitou-Charentes,Brazil,9
Sydnee Santana,ut@hotmail.edu,Sindh,Norway,4
Farrah Eaton,magna.praesent@yahoo.couk,Bayern,Spain,7
Lenore Silva,id.ante.nunc@icloud.net,Connacht,Norway,5
Piper Mcconnell,luctus@protonmail.couk,Sachsen-Anhalt,Costa Rica,3
Murphy Cline,neque.in.ornare@icloud.couk,Eastern Cape,Pakistan,3
Nina Russo,ullamcorper.duis@icloud.net,Balochistan,Ukraine,5
Ramona Ellis,sapien.imperdiet.ornare@outlook.net,Namen,Australia,6
Hanae Patrick,pharetra.nibh@hotmail.ca,Brandenburg,Brazil,4
Brynn Bailey,placerat@outlook.ca,San Luis Potosí,Australia,6
Dennis Fry,nec.urna.et@protonmail.net,Troms og Finnmark,Russian Federation,2
Herman Wolfe,nam.ac@hotmail.org,Upper Austria,United Kingdom,10
Amaya Myers,nec@google.org,New Brunswick,Canada,9
Lavinia Wells,ante.lectus@icloud.org,South Island,Austria,9
Garrison Dillard,pharetra.ut@icloud.edu,Cantabria,Peru,3
Erich Fuentes,molestie.tellus@icloud.ca,Madhya Pradesh,France,5
Nigel Dennis,arcu.ac@hotmail.org,Luxemburg,Australia,8
Rina Wiggins,habitant.morbi@aol.edu,Lubelskie,Russian Federation,7
Burke Castro,sem.molestie@yahoo.ca,Niger,France,4
Clio O'donnell,amet.massa@hotmail.net,Kaluga Oblast,Italy,7
Clayton Hopkins,morbi@google.edu,Zhōngnán,Belgium,10
Savannah Banks,gravida@hotmail.ca,Luhansk oblast,Pakistan,4
Nathan Hyde,nam@icloud.net,Cajamarca,India,3
Raja Walls,malesuada@protonmail.com,Galicia,France,5
Veda Austin,nunc.commodo@protonmail.couk,Jönköpings län,France,9
Mufutau Rowland,non@aol.ca,Delaware,New Zealand,6
Edward Pate,sem.nulla.interdum@protonmail.org,La Rioja,Costa Rica,3
Roth Reyes,dignissim@outlook.com,Free State,New Zealand,3
Jordan Cooper,sed.nulla@yahoo.net,Pernambuco,Turkey,0
Felix Baldwin,orci.sem.eget@icloud.couk,Hawaii,United Kingdom,3
Juliet Hardin,rhoncus@protonmail.net,Rheinland-Pfalz,Philippines,6
Ria Moore,purus.maecenas@google.com,Lubelskie,India,4
Blythe Clemons,porttitor@icloud.com,Styria,United Kingdom,2
Solomon Salas,est@google.edu,Illes Balears,New Zealand,9
Jena Bradley,sit.amet@outlook.edu,Lambayeque,Brazil,5
Venus Dotson,eget@google.org,Rio de Janeiro,South Korea,6
Ali Hobbs,tortor@icloud.ca,Ulster,Italy,8
Alma Barlow,praesent.eu.dui@protonmail.edu,Podkarpackie,New Zealand,4
Emmanuel Sosa,eget@protonmail.ca,Huáběi,Russian Federation,8
Elmo Jacobson,in.sodales@yahoo.couk,Khmelnytskyi oblast,Vietnam,2
Hector Shepard,ipsum.non@icloud.net,Loreto,Brazil,7
Jana Booth,turpis.non.enim@google.couk,Gävleborgs län,Singapore,5
Lacota Maynard,pretium.neque@google.couk,Kursk Oblast,India,7
Sybill Tyson,elit.curabitur@google.com,Balochistan,United Kingdom,4
Colton Lara,a.felis@aol.ca,Flevoland,South Korea,5
Sawyer Munoz,id.risus@outlook.ca,Zhōngnán,China,3
Colleen Wilkins,orci.ut.semper@icloud.org,Centre,Turkey,2
Erasmus Higgins,a.odio.semper@google.ca,Ulster,France,6
Boris Moran,maecenas.malesuada.fringilla@aol.net,Xīběi,Netherlands,6
Maia Tanner,odio.nam@outlook.edu,Oslo,Colombia,5
Stuart Stuart,nulla.vulputate.dui@yahoo.ca,Balıkesir,Ireland,1
Delilah Adams,congue.turpis@icloud.ca,Manitoba,Sweden,2
Wynter Rodgers,pede.blandit.congue@outlook.com,Waals-Brabant,Peru,7
Chastity Richmond,cursus.et@yahoo.net,British Columbia,Austria,0
Lois Daniels,egestas@outlook.ca,Yukon,New Zealand,8
Amos Sawyer,consectetuer.cursus@hotmail.net,Los Ríos,Norway,5
Bradley Sexton,aliquam@google.com,Vienna,Ukraine,3
Winifred Bowman,euismod.enim.etiam@google.org,Victoria,Nigeria,2
Ian Allen,felis@outlook.ca,Goiás,Germany,9
Scarlett Horne,etiam.vestibulum@google.couk,Vorarlberg,Vietnam,6
Harlan Sharp,volutpat.nulla@aol.ca,Rajasthan,Singapore,7
Ian Gray,proin@icloud.couk,North Island,Austria,7
Tad Poole,elit@aol.edu,Pernambuco,Colombia,2
Hope Wilkerson,amet@outlook.net,Cartago,South Korea,5
Gillian Hewitt,cubilia.curae@aol.org,Île-de-France,China,7
Aladdin Moss,quam@hotmail.org,East Region,Nigeria,9
Gay Webb,tincidunt.tempus@outlook.org,Burgenland,United States,3
Raphael Mejia,morbi.neque@yahoo.com,Lombardia,Poland,3
Morgan Ferguson,metus.eu.erat@aol.com,Waals-Brabant,Chile,5
Nehru Carroll,nulla.facilisis@google.edu,Borno,Brazil,7
Yuri Acevedo,vel.pede.blandit@aol.couk,North Jeolla,Belgium,6
Hilda Oneil,dolor.nulla@google.org,Newfoundland and Labrador,Australia,10
Jemima Olson,ante.nunc@outlook.org,Maranhão,India,7
Solomon Ashley,tellus.faucibus@outlook.org,Liguria,Canada,2
Charity Hall,vestibulum.neque@aol.ca,Veracruz,Sweden,10
Maia Mcfarland,ac.turpis@google.net,Munster,Spain,9
Fallon Mckinney,turpis.nec.mauris@protonmail.org,Limburg,Mexico,8
Phelan Mason,gravida.nunc@icloud.com,Innlandet,Vietnam,10
Fletcher Sharp,vitae.sodales.at@aol.com,Central Region,Brazil,8
Chase Saunders,pede.nec@yahoo.ca,Queensland,Belgium,5
Cole Thompson,ut.nisi.a@hotmail.org,Warmińsko-mazurskie,Austria,7
Fredericka Robertson,sem.molestie@yahoo.ca,Kocaeli,Vietnam,1
Wayne Rhodes,cursus@hotmail.com,Namen,Indonesia,4
Barry Knight,aliquet@outlook.ca,Pará,Belgium,4
Farrah Macias,amet.faucibus@icloud.edu,Chhattisgarh,Costa Rica,3
Cally Farley,tempus.risus@outlook.edu,Leinster,Indonesia,6
Acton Watts,at.auctor@yahoo.com,Salzburg,Brazil,9
Ralph Trevino,magna.lorem@icloud.couk,Kansas,Ireland,8
Calvin Ballard,eu.odio@aol.couk,Zachodniopomorskie,Norway,6
Francis Daniels,mollis.lectus.pede@protonmail.couk,Madhya Pradesh,Colombia,0
Porter Stone,vulputate.eu.odio@yahoo.couk,Kaliningrad Oblast,Russian Federation,9
Hanae Stokes,viverra.maecenas@hotmail.couk,Puebla,Austria,3
Ross Nunez,accumsan.laoreet@icloud.com,Virginia,Turkey,3
Leo Sheppard,enim.nisl.elementum@outlook.edu,Murmansk Oblast,India,7
Jackson Morgan,tincidunt.vehicula@google.ca,Corse,Italy,9
Minerva Mcknight,orci.ut@aol.edu,Lampung,Costa Rica,7
Bethany Cannon,blandit.nam@hotmail.net,Oyo,Turkey,1
Graham Cohen,egestas.blandit@yahoo.org,Connacht,Costa Rica,9
Lois Banks,phasellus@outlook.couk,Loreto,India,6
Dexter David,scelerisque.scelerisque@aol.ca,Noord Brabant,Nigeria,8
Iris Mckee,velit@yahoo.edu,Northern Territory,Ireland,10
Isaiah Santos,fusce.aliquet.magna@outlook.edu,North Jeolla,India,0
Cameron Bass,phasellus@google.ca,Cà Mau,China,8
Roanna Hendrix,aliquam.erat.volutpat@google.com,Cagayan Valley,Costa Rica,8
Dai Nielsen,nulla@google.org,Aisén,Turkey,7
Charity Randolph,nullam@hotmail.edu,Connacht,United States,1
Marah Mcdowell,elit.etiam.laoreet@aol.ca,Manitoba,Peru,6
Lewis Rice,lacus.mauris@aol.com,Oslo,South Africa,1
Tucker Warren,donec.non@aol.org,Jönköpings län,Indonesia,5
Melissa Mcguire,felis.donec.tempor@google.ca,Sevastopol City,India,7
Chester Wade,sem.elit.pharetra@aol.edu,Lagos,Russian Federation,8
Lucy Reeves,semper.nam.tempor@icloud.org,Santa Catarina,Ireland,8
Brooke Reese,eleifend.cras@icloud.com,San Andrés y Providencia,South Africa,7
Sage Hickman,enim.diam@outlook.org,North-East Region,Sweden,3
Allen Trevino,massa.quisque@yahoo.net,Małopolskie,Ukraine,9
Mariko Clements,nonummy.ipsum@hotmail.edu,Lanarkshire,Costa Rica,0
Jeremy Kaufman,aliquet.odio@hotmail.org,Kayseri,Canada,8
Kibo Erickson,dignissim.pharetra@outlook.net,Calabarzon,United Kingdom,4
Rigel Ball,metus.aliquam@aol.couk,North Island,Brazil,7
Emmanuel Cervantes,elit.pellentesque@outlook.edu,Noord Holland,Italy,8
Len Nolan,diam.dictum@hotmail.net,Massachusetts,Ireland,8
Stacey Padilla,ultrices.posuere@outlook.net,Euskadi,Nigeria,5
Breanna Bass,scelerisque.scelerisque@google.org,Central Region,Peru,9
Madeson Mitchell,vulputate.posuere@aol.org,Dnipropetrovsk oblast,Indonesia,7
Cleo Griffith,risus.donec@google.net,Mazowieckie,Indonesia,9
Bethany Harper,orci.luctus@yahoo.com,Aquitaine,Chile,0
Cairo Whitfield,at.sem@icloud.com,Manipur,Ukraine,0
Laura Wilson,sit.amet@icloud.org,Northern Territory,Mexico,1
Kaseem Macias,interdum.sed.auctor@outlook.net,Guainía,Poland,7
Kameko Bass,purus@outlook.com,Murmansk Oblast,Mexico,8
Michelle Perkins,massa.quisque@hotmail.org,Lower Austria,South Africa,8
Aphrodite Cantu,est.mollis.non@aol.org,Bremen,Poland,8
Clarke Cantrell,vulputate.nisi@outlook.ca,Arequipa,France,2
Deborah Dalton,lectus.pede@icloud.org,Yukon,Turkey,1
Inez Moon,pharetra.quisque.ac@google.edu,San José,Netherlands,8
Brian Armstrong,pellentesque.eget@protonmail.com,North-East Region,Peru,5
Noelle Ramirez,eget.ipsum@protonmail.edu,Saarland,Nigeria,3
Ulric Schultz,augue@google.couk,Australian Capital Territory,Canada,6
Darryl Richard,aenean.sed.pede@icloud.net,Sơn La,Russian Federation,8
Rowan Meadows,porttitor.tellus@aol.ca,Salzburg,Sweden,5
Clarke Fitzgerald,vel.convallis@yahoo.edu,Jammu and Kashmir,Brazil,9
Simon Vargas,nullam.vitae.diam@google.ca,Roxburghshire,New Zealand,0
Noah Austin,pellentesque@aol.com,Ulster,Chile,0
Xaviera Mccullough,eget.magna.suspendisse@yahoo.couk,Nuevo León,Poland,10
Emily Zamora,lorem@google.org,Cartago,Costa Rica,8
Martina Park,a.enim@outlook.com,North Sulawesi,Ireland,1
Angelica Duffy,aliquet.metus@outlook.net,Dōngběi,Belgium,0
Cade Crane,morbi@yahoo.net,Salzburg,South Africa,4
Nicholas Barnett,et@outlook.org,Alsace,Brazil,10
Amethyst Perry,facilisis.non@google.com,Agder,Belgium,3
Morgan Tyson,convallis.ligula@protonmail.com,Zhōngnán,Poland,6
Wylie Juarez,suspendisse.sed.dolor@protonmail.org,Saarland,Italy,4
Cally Dejesus,sed.molestie.sed@google.com,Sachsen,Singapore,8
Kadeem Sheppard,ut.ipsum.ac@protonmail.com,Quebec,Russian Federation,2
Clare Reese,quisque.ornare@icloud.net,Ternopil oblast,Russian Federation,10
Gemma Finch,ut@yahoo.com,Calabarzon,Sweden,4
Philip Garner,etiam.imperdiet@protonmail.org,North Region,Peru,8
Keelie Espinoza,molestie.in.tempus@google.org,North Island,Costa Rica,1
Ocean Foster,nec.cursus@aol.org,Roxburghshire,Singapore,6
Charles Vega,enim.non@google.net,Östergötlands län,Netherlands,7
Todd Hughes,ornare.elit@outlook.edu,Saskatchewan,Ukraine,5
Sylvia Avila,lacus.varius@icloud.org,North Island,Peru,6
Caesar Rogers,sit.amet.ante@protonmail.ca,Styria,Italy,7
Adele Kline,elit.pretium@icloud.org,Mecklenburg-Vorpommern,Chile,7
Colleen Roy,leo@google.edu,North Island,Pakistan,10
Raven Huff,tellus.aenean@hotmail.ca,Bourgogne,Sweden,9
Dalton Sparks,pretium.aliquet@yahoo.org,Queensland,Colombia,1
Lacey Aguilar,ridiculus.mus@google.ca,Gilgit Baltistan,Sweden,2
Heidi Lambert,amet.orci.ut@hotmail.org,Sląskie,France,3
Talon Fields,aliquam@aol.com,Borno,New Zealand,4
Kiayada Gaines,suscipit.nonummy.fusce@outlook.org,West Region,United States,2
Eliana Perkins,bibendum.ullamcorper@protonmail.com,Trentino-Alto Adige,India,5
Denise Mathis,interdum.curabitur@protonmail.net,North Island,Russian Federation,4
Petra Rogers,et.ipsum@google.ca,Coahuila,Colombia,4
Drake Rowe,in@outlook.ca,Tasmania,Sweden,2
Reese Skinner,felis@outlook.ca,Podkarpackie,Netherlands,2
Grace Harrison,curabitur.egestas@outlook.edu,Puno,Ukraine,8
Chadwick Matthews,dictum@aol.ca,Thái Bình,Austria,0
Ulric Powell,tellus@protonmail.com,Michigan,Mexico,7
Glenna Crane,proin@outlook.ca,Heredia,China,5
Clio Higgins,in.nec@protonmail.net,San José,United Kingdom,9
Chadwick Velazquez,dignissim.magna@outlook.com,Puno,Spain,6
Keelie Hill,tellus.lorem@google.org,Lubuskie,Pakistan,1
Harrison Alvarado,molestie.tellus@aol.com,Ternopil oblast,India,0
Jonah Ayala,auctor.vitae@outlook.couk,Munster,Indonesia,6
Christopher Burton,consectetuer.rhoncus.nullam@protonmail.org,Warmińsko-mazurskie,Ireland,2
Merritt Buck,interdum.enim@icloud.edu,Salzburg,Netherlands,1
Solomon Bean,semper@google.couk,Mykolaiv oblast,Sweden,6
Vivian Daugherty,mi.duis@aol.net,Provence-Alpes-Côte d'Azur,Ukraine,7
Denise Stark,lorem.ipsum@outlook.net,Wyoming,South Africa,1
Kirestin Walls,lacus.pede@outlook.net,Santa Catarina,Chile,8
Lana Reese,tellus@outlook.net,Sachsen,Italy,6
Yasir Benton,in@aol.ca,Central Visayas,Poland,4
Claire Chambers,ullamcorper.nisl@outlook.couk,Agder,Brazil,1
Angela Oneil,nibh.dolor@outlook.ca,Pennsylvania,India,3
Naomi Welch,adipiscing@hotmail.edu,Nuevo León,Ukraine,9
Juliet Bush,magna@protonmail.edu,North Gyeongsang,Chile,6
Jeremy Sanchez,erat.neque@google.ca,Luxemburg,Netherlands,3
Hedda Lynch,tempus.scelerisque@aol.org,Östergötlands län,Italy,2
Slade Carey,donec@google.couk,Møre og Romsdal,Singapore,9
Aiko Chavez,amet.orci@protonmail.com,Piemonte,Indonesia,9
Scott Middleton,lorem.ipsum.dolor@outlook.net,South Island,United States,9
Heather Moon,cursus.et@yahoo.couk,North Region,South Africa,3
Lacey Sharp,accumsan.convallis@aol.ca,National Capital Region,Sweden,1
Talon Bender,amet.luctus@protonmail.edu,North Region,China,5
Maryam Mcdaniel,ut.nisi@icloud.ca,Khyber Pakhtoonkhwa,Austria,10
Rana Horne,eu.tellus@google.com,North Island,Colombia,9
Allistair Mckinney,nulla.facilisi.sed@google.org,Magallanes y Antártica Chilena,Philippines,0
Edward Hartman,ligula.tortor@yahoo.ca,Oyo,Canada,8
McKenzie Ingram,hendrerit@aol.couk,Guanajuato,Mexico,2
Blaze Joyce,mauris.erat@yahoo.org,Guanajuato,Belgium,3
Berk Brennan,vulputate.mauris@aol.edu,Xīběi,United States,10
Kennedy Horn,amet.consectetuer@icloud.couk,Maluku,Peru,5
Roth Osborn,nulla@protonmail.com,Tamaulipas,Chile,9
Quentin Ferguson,interdum.libero@protonmail.org,Cordillera Administrative Region,Germany,5
Gareth Snow,luctus.sit.amet@hotmail.ca,Gauteng,Poland,7
Pamela Petersen,neque@yahoo.com,Maharastra,Vietnam,2
Odysseus Barry,in.nec@outlook.org,Picardie,Brazil,5
William Alvarez,duis.sit.amet@google.com,Guanajuato,Singapore,9
Edan Weeks,aliquam.eros.turpis@aol.net,Sindh,Philippines,9
Lucius Byrd,gravida.praesent@hotmail.ca,Berlin,Spain,2
Nadine Cobb,sed.eu.nibh@outlook.org,La Libertad,Spain,4
Igor Duke,metus@aol.couk,New Brunswick,Canada,7
Noelle Sandoval,amet.faucibus@hotmail.ca,Arunachal Pradesh,Vietnam,6
Kaitlin Price,lorem@yahoo.org,Alajuela,Costa Rica,9
Curran Gates,semper.pretium@google.org,Northern Territory,Turkey,3
Denton Pugh,fermentum.convallis@hotmail.com,Mpumalanga,Nigeria,6
Hector Schroeder,pellentesque.tellus@google.ca,North Kalimantan,Russian Federation,9
Gavin Rollins,duis@aol.com,Heredia,Nigeria,7
Dorian Faulkner,urna.vivamus@outlook.com,New South Wales,Italy,9
Todd Mcdowell,malesuada.fames.ac@aol.edu,New South Wales,Singapore,7
Emerald Macdonald,consectetuer.adipiscing.elit@google.net,Noord Brabant,South Africa,10
Cassady Wooten,eu.tellus@yahoo.couk,Rogaland,Austria,9
Nash Boyd,aliquet@google.ca,Niedersachsen,India,7
MacKensie Mcdaniel,dui.cras@protonmail.ca,Đà Nẵng,Netherlands,9
Kiona Bernard,non.hendrerit@aol.net,Sokoto,Canada,5
Fuller Grimes,ac@icloud.org,Novosibirsk Oblast,Sweden,8
Tad Bolton,cum.sociis@outlook.edu,Khmelnytskyi oblast,Vietnam,6
Nicholas Lee,felis.orci.adipiscing@yahoo.ca,Uttarakhand,Vietnam,7
Bo Mclean,id.nunc@google.com,New Brunswick,Belgium,9
Camden Mills,lorem.vehicula@google.org,Assam,Pakistan,9
Tara Woods,eros.proin@aol.couk,Provence-Alpes-Côte d'Azur,Chile,2
Nola Perry,nunc.sed@google.ca,Orenburg Oblast,Vietnam,9
Allistair May,proin@hotmail.ca,Leinster,Brazil,0
Holmes Mcintyre,vel.pede@icloud.net,Rheinland-Pfalz,Nigeria,9
Sage Harrell,egestas.sed.pharetra@protonmail.edu,Östergötlands län,Costa Rica,10
Kyla Steele,hendrerit.a@google.ca,South Island,India,1
Mari Bridges,nec@google.edu,Centre,Germany,8
Ezra Herrera,at@protonmail.edu,Euskadi,Russian Federation,1
Chaim Crosby,nec.ante.blandit@protonmail.edu,Jigawa,Australia,5
Josiah Bright,mi.fringilla@hotmail.couk,West Sumatra,Ukraine,1
Cody Monroe,vel.faucibus@hotmail.edu,Chernihiv oblast,France,4
Murphy Bell,amet@hotmail.net,West Java,Germany,8
Jack Singleton,lectus.cum@yahoo.com,Marche,Austria,4
Gavin Perez,vel.sapien@yahoo.ca,South Gyeongsang,New Zealand,4
Hedley Waller,proin.mi@aol.com,Benue,France,7
Lunea Mccray,ipsum.phasellus.vitae@google.com,Jigawa,Mexico,8
Ferris Sweeney,ut@outlook.couk,Styria,Sweden,8
Kelly Day,eget.dictum@protonmail.com,Riau Islands,South Africa,4
Clarke Meadows,venenatis.vel@yahoo.ca,FATA,Canada,9
Mariko Valencia,mauris.rhoncus.id@aol.couk,Cagayan Valley,Chile,5
Chantale Nichols,fusce.feugiat@google.com,West-Vlaanderen,Belgium,9
Vanna Wright,felis.ullamcorper@protonmail.edu,Mecklenburg-Vorpommern,Netherlands,8
Kameko Welch,natoque.penatibus@outlook.couk,Saarland,Colombia,10
Hilel Barnes,in.lobortis@outlook.org,łódzkie,Colombia,8
Isaiah Whitney,etiam@outlook.ca,Lviv oblast,Turkey,9
Hilary Leonard,sed.eu@google.ca,Zuid Holland,Belgium,7
Echo Dominguez,tortor@google.net,Victoria,Chile,9
Kalia Black,elit.a.feugiat@google.org,Lima,Austria,8
Connor Dixon,cursus.in.hendrerit@aol.ca,North Island,South Korea,5
Bradley Campbell,gravida.sit@protonmail.com,Alberta,Colombia,9
Kaseem Phelps,elit.pede@icloud.com,Picardie,United Kingdom,9
Mariko Compton,lorem@protonmail.org,Provence-Alpes-Côte d'Azur,United Kingdom,5
Jada Garner,placerat.velit@hotmail.edu,Marche,Belgium,6
Petra Marsh,venenatis.a@protonmail.ca,South Gyeongsang,Nigeria,1
Orlando Spence,arcu.iaculis.enim@yahoo.com,Zhōngnán,Mexico,5
Cora Clements,morbi.non@google.net,Cusco,Italy,4
Genevieve Schneider,et.rutrum.eu@yahoo.net,Alabama,United Kingdom,5
Cody Vinson,aenean.euismod@yahoo.org,Cusco,New Zealand,2
Benjamin Dale,ligula.tortor@hotmail.ca,Hamburg,Italy,8
Odette Cleveland,etiam.ligula@yahoo.couk,Tarapacá,Poland,8
Kamal Bartlett,lectus.justo.eu@protonmail.couk,Coquimbo,Turkey,1
Keely Wade,ipsum.suspendisse@outlook.org,North Island,Austria,6
Maya Bradford,egestas.lacinia.sed@protonmail.com,Rogaland,Mexico,8
Fitzgerald Merritt,odio@hotmail.com,Thừa Thiên–Huế,Belgium,4
Meghan Snow,donec.fringilla@outlook.net,Riau Islands,Austria,5
Isaac Glenn,mauris.aliquam@hotmail.edu,Guanacaste,South Korea,8
Brenna Schwartz,pede@yahoo.edu,Arauca,Spain,3
Steel Dudley,non.bibendum@aol.com,Zhōngnán,Canada,5
Lance Parrish,cursus.luctus@outlook.org,Khmelnytskyi oblast,Russian Federation,5
Octavius Koch,vitae@hotmail.net,Puntarenas,Pakistan,5
Pearl Forbes,phasellus.in@aol.ca,Ontario,Colombia,1
Desiree Olsen,enim.curabitur@google.ca,Nord-Pas-de-Calais,United States,5
Leandra Buckner,imperdiet@yahoo.couk,Västra Götalands län,New Zealand,10
Florence Dejesus,ultrices.a@yahoo.edu,Munster,Italy,3
Summer Dudley,a.arcu@aol.edu,Minas Gerais,South Korea,7
Andrew Clarke,commodo.ipsum@google.com,North Island,Peru,6
Edan Slater,tellus.lorem@aol.net,Vlaams-Brabant,China,5
Lee Ramsey,eu.odio@protonmail.edu,Banten,France,3
Uma Mcdonald,risus@icloud.ca,Wielkopolskie,Vietnam,4
Jason Gonzalez,odio@protonmail.ca,Henegouwen,Vietnam,1
Nissim Simon,molestie.pharetra@icloud.ca,Ulster,Mexico,4
Lucius Molina,quis.turpis@outlook.net,Piemonte,Germany,6
Howard Boone,et.magnis@google.ca,Tarapacá,France,0
Orlando Owens,mauris@aol.com,Quảng Nam,Canada,2
Tucker Perry,id.sapien@yahoo.ca,Cusco,United States,5
Nelle Ferrell,vivamus@aol.com,Burgenland,Netherlands,6
Sean Watson,risus.nulla@icloud.edu,KwaZulu-Natal,Austria,5
Odette Kane,volutpat.ornare@google.net,North Island,China,6
Edward King,sit@google.edu,Bursa,Vietnam,1
Gannon Watson,vulputate@yahoo.edu,Essex,Austria,4
Alden Calderon,sociis.natoque@icloud.ca,Waals-Brabant,Poland,9
Kasimir Buckley,eget.metus@hotmail.org,Bauchi,Italy,5
Brody Shannon,et.libero.proin@yahoo.ca,Boyacá,Canada,7
Sigourney Moore,nec@yahoo.couk,Carinthia,Chile,1
Thane Patton,ornare.egestas.ligula@protonmail.ca,Stockholms län,Ireland,10
Germaine Lee,arcu@hotmail.couk,Ulster,Singapore,2
Tasha Molina,purus.gravida@google.ca,Paraíba,India,5
Urielle Lee,sit.amet@outlook.net,Cheshire,China,9
Daryl Hickman,erat.vitae@aol.com,Murcia,Belgium,4
Scott Spence,dolor@icloud.edu,New Brunswick,Nigeria,8
Thaddeus Gates,cubilia.curae@yahoo.org,Gujarat,Sweden,10
McKenzie Harrison,a.tortor.nunc@icloud.couk,Quebec,Italy,6
Kyle Flowers,rhoncus.nullam@outlook.org,Andaman and Nicobar Islands,Russian Federation,4
Ross Mcguire,etiam.laoreet@icloud.edu,Limpopo,Poland,7
Geoffrey Mcknight,orci.adipiscing@icloud.ca,Nghệ An,Turkey,4
Rafael Adams,pede.malesuada@hotmail.ca,Brandenburg,Philippines,4
Ross Finch,parturient.montes.nascetur@google.edu,Bali,Poland,9
Travis Larsen,quis.accumsan.convallis@hotmail.edu,Luxemburg,South Korea,9
Gavin Simpson,semper.nam@google.edu,West Bengal,Pakistan,5
Yuri Vaughn,consequat@yahoo.couk,Waals-Brabant,Pakistan,9
Samson Rhodes,in@protonmail.org,Vestfold og Telemark,India,8
Derek Knox,egestas.sed.pharetra@google.org,Australian Capital Territory,Poland,4
Charlotte Lawrence,a.arcu@outlook.edu,East Region,Chile,3
Isabella Hines,mauris.non@hotmail.com,Chocó,Canada,4
Wallace Horne,luctus@aol.ca,Liguria,Costa Rica,2
Angelica Slater,nunc@protonmail.couk,Innlandet,Ireland,6
Nathaniel Schneider,semper.rutrum@protonmail.com,Western Australia,Canada,7
Finn Petersen,in@yahoo.couk,Maranhão,Italy,7
Karly Mathews,posuere.at.velit@protonmail.org,Australian Capital Territory,Turkey,7
Quinlan Bradshaw,risus.nunc.ac@google.com,Veneto,Australia,2
Clayton Sargent,a.auctor.non@outlook.com,West Region,China,10
Marny Alston,hendrerit@outlook.com,Quebec,Canada,1
Curran Farmer,at.iaculis.quis@outlook.couk,Galicia,Ireland,5
Evan Chase,sem.ut@protonmail.edu,Melilla,Pakistan,5
Sacha Whitley,curabitur.massa@hotmail.com,Cartago,Philippines,1
Ignacia Barton,blandit@hotmail.net,California,Indonesia,6
Raven Dunn,fringilla.euismod@icloud.edu,Extremadura,Indonesia,5
Cassandra Weaver,nibh.vulputate@icloud.net,Junín,Netherlands,8
Tatiana Frederick,vestibulum@outlook.edu,Sindh,India,5
Palmer Saunders,metus.urna@google.couk,Araucanía,Sweden,1
Medge Mcguire,purus.sapien@hotmail.edu,Vlaams-Brabant,Norway,3
Talon Stephens,donec@outlook.edu,West Region,Netherlands,0
Clark May,condimentum.donec@icloud.com,Lubelskie,Sweden,1
Colorado Levine,magna.nec@protonmail.net,Gävleborgs län,United States,8
Olympia Gregory,placerat.cras.dictum@google.couk,Delta,Austria,6
Ezekiel Casey,sed.pharetra.felis@google.edu,Tarapacá,Canada,10
Mara Mckenzie,commodo.auctor@yahoo.ca,Northern Cape,South Korea,6
Louis Hodges,eu.tellus@hotmail.couk,Sindh,Sweden,8
Cherokee Pace,fames@outlook.org,Odisha,Philippines,3
Samuel Pickett,non@outlook.ca,Azad Kashmir,Nigeria,10
Gisela Hayes,sit@outlook.ca,Manitoba,Nigeria,8
Ronan Talley,nunc.quis.arcu@aol.com,Illes Balears,Belgium,5
Octavia Mcpherson,non.leo@yahoo.com,Sindh,Ukraine,5
Joelle Irwin,amet@icloud.org,Pará,Ukraine,6
Katell Hayes,massa@protonmail.org,Pernambuco,Brazil,4
Bradley Nieves,commodo.tincidunt@outlook.net,Upper Austria,France,2
Upton Foster,tellus.suspendisse@google.edu,Lambayeque,Colombia,9
Elaine Sellers,neque.in@icloud.org,Bourgogne,Germany,3
Unity Frost,donec@google.couk,Luik,Peru,7
Hermione Hines,elit.dictum@outlook.net,Troms og Finnmark,Australia,6
Alika Rich,mus.donec@hotmail.ca,Coquimbo,Germany,8
Robin Frazier,ligula.aenean.gravida@google.edu,Canarias,Spain,5
Cameron Riggs,sapien@outlook.edu,O'Higgins,Poland,8
Keely Strickland,elit.erat.vitae@hotmail.net,New Brunswick,France,8
Kane Holman,integer.sem@aol.com,Overijssel,Vietnam,8
Yuli Everett,aliquet.vel.vulputate@yahoo.ca,South Gyeongsang,Ireland,6
Zachery Vaughan,viverra.donec.tempus@outlook.edu,South Gyeongsang,Singapore,4
Owen Chavez,odio.semper@icloud.org,Nordrhein-Westphalen,India,4
Lewis Vasquez,quisque.varius@protonmail.ca,Ulster,Brazil,7
Nita Malone,aliquet.nec@aol.couk,Rio de Janeiro,Canada,7
Selma Jimenez,arcu.aliquam@icloud.couk,Azad Kashmir,France,8
Dolan Evans,feugiat.sed.nec@hotmail.net,Nova Scotia,Ukraine,8
Patrick Caldwell,magna.nam.ligula@protonmail.edu,Kocaeli,Turkey,1
Donna Case,risus.nunc.ac@aol.couk,British Columbia,Singapore,4
Grace Williamson,pellentesque.eget@google.com,Dalarnas län,Spain,7
Jaime Quinn,sapien.gravida.non@google.org,Noord Brabant,Singapore,8
Kelly Salinas,sit.amet@hotmail.com,Volgograd Oblast,Netherlands,9
Lyle Marsh,diam.nunc@icloud.couk,Huila,Singapore,7
Inez Erickson,tempor@outlook.ca,Kentucky,United States,3
Jemima Thomas,est.tempor.bibendum@google.edu,North Island,South Korea,9
Kylan Hess,morbi@protonmail.couk,North Region,Singapore,7
Geoffrey Marquez,massa.suspendisse.eleifend@yahoo.edu,North Jeolla,Indonesia,2
Isadora Sweet,donec@yahoo.net,West Region,France,5
Eleanor Serrano,dui.cras@outlook.org,Saskatchewan,Germany,8
Bianca Holland,nibh.vulputate@outlook.com,Special Region of Yogyakarta,Mexico,9
Vivien Ballard,ante@protonmail.ca,Heredia,Norway,3
Raven Serrano,ac.turpis.egestas@aol.edu,Bretagne,Philippines,8
Gray Crane,ipsum.cursus@yahoo.org,Limpopo,Philippines,5
Merritt Coffey,eu.nibh@hotmail.org,North Region,Australia,2
Dara Brock,egestas.lacinia.sed@protonmail.ca,Rheinland-Pfalz,Italy,7
Garrett Bradshaw,dictum.ultricies.ligula@outlook.org,Van,France,1
Aurelia Logan,ut.tincidunt@google.org,Maharastra,Germany,2
Forrest Tyler,sed@outlook.ca,Banten,United Kingdom,4
Gray Adkins,consequat.auctor.nunc@protonmail.edu,North Island,Ukraine,7
Alexandra George,vitae@yahoo.org,Møre og Romsdal,France,7
Brynn Pickett,lorem.tristique@protonmail.edu,Ilocos Region,India,8
Cassidy Juarez,fermentum.metus.aenean@google.couk,Xīnán,United Kingdom,3
Hamilton Hahn,aliquet.odio@yahoo.couk,Oaxaca,Russian Federation,3
Callum Garcia,ut.tincidunt.vehicula@hotmail.org,Salzburg,Indonesia,7
Brenden Williamson,semper.erat.in@outlook.edu,Tamaulipas,Poland,2
Fuller O'donnell,sem.pellentesque@outlook.ca,Kaliningrad Oblast,Turkey,1
Colt Rosario,dictum.cursus@hotmail.net,Styria,South Korea,6
Amanda Marsh,nisl.nulla@hotmail.com,Los Lagos,Sweden,7
Pearl Conner,posuere.at@outlook.edu,Maharastra,Australia,7
Alden Fitzgerald,lectus.sit@icloud.couk,Eastern Cape,Sweden,4
Levi Daniel,odio.nam.interdum@hotmail.org,Anambra,Peru,1
Tiger Emerson,pede.ultrices.a@aol.org,Gelderland,Turkey,9
Kelly Suarez,amet.dapibus@google.edu,Nairnshire,Ukraine,6
Scott Tyson,eu.elit@aol.edu,Quebec,China,10
Cora Hartman,velit@protonmail.com,Gyeonggi,Philippines,8
Tanner Strong,taciti.sociosqu.ad@icloud.org,Free State,Chile,2
Erasmus Eaton,arcu@icloud.couk,Central Region,Mexico,9
Gail Hurley,in.consequat@aol.ca,Limón,Italy,1
Stacey Wagner,semper.nam.tempor@yahoo.edu,Västra Götalands län,Chile,9
Adrienne Stout,aliquam@google.org,Putumayo,Nigeria,6
Mira Shields,in.ornare@google.org,Connacht,Russian Federation,5
Shannon Shannon,pellentesque.massa@icloud.com,Free State,Netherlands,10
Karly Hogan,iaculis@hotmail.couk,Kano,Vietnam,6
Veda George,nulla.at@hotmail.com,Phú Thọ,Mexico,2
Macon Miranda,mauris.quis@aol.ca,Clackmannanshire,Canada,0
Stephen Gilbert,netus.et.malesuada@aol.couk,North Gyeongsang,China,10
Ahmed Dale,aliquam.erat.volutpat@hotmail.org,Minnesota,China,3
Mona Mendoza,donec.nibh@outlook.edu,Atlántico,Pakistan,9
John Blevins,nonummy@aol.net,Queensland,Brazil,0
Brendan Roth,vulputate.ullamcorper@hotmail.edu,South Gyeongsang,Sweden,9
Imelda Padilla,libero@protonmail.org,Agder,South Korea,8
Iola Cabrera,nisi@google.couk,Huáběi,Norway,8
Brent Weiss,aliquet.magna@hotmail.ca,Xīběi,United States,4
Tanisha Castillo,eget.tincidunt@protonmail.org,Overijssel,South Africa,8
Yvette Kent,dui.in@google.ca,São Paulo,Poland,7
Maile Chaney,curabitur.sed@google.com,Centre,Singapore,9
Austin Todd,gravida@protonmail.edu,Querétaro,New Zealand,9
Aaron Landry,vivamus@icloud.net,Victoria,Peru,9
Pandora Petersen,nullam.enim@aol.org,Puntarenas,China,8
Uta Talley,ante.blandit@google.edu,Waals-Brabant,Peru,9
Ciara Sullivan,quisque.imperdiet.erat@hotmail.net,Western Cape,Brazil,6
Jessamine House,scelerisque.neque.nullam@outlook.couk,Lagos,Sweden,8
Perry Burks,nisl.quisque.fringilla@yahoo.ca,Xīběi,Italy,3
Sawyer Mason,iaculis.nec@aol.net,Picardie,South Africa,6
Nerea Richards,tincidunt@aol.net,Bremen,Chile,5
Shay Matthews,sollicitudin.orci@icloud.net,Ancash,Turkey,1
Lane Miller,pellentesque.a.facilisis@icloud.edu,Gyeonggi,Chile,1
Camden Greer,elementum.purus.accumsan@google.com,Cusco,Russian Federation,6
Ferdinand Sheppard,metus.aliquam@hotmail.edu,Sindh,Austria,6
Sylvia Merrill,aliquam@aol.edu,Oregon,Pakistan,3
Riley English,non@google.org,Liguria,Netherlands,2
Chanda Jacobs,eget@aol.org,Bursa,India,6
Dante Townsend,euismod.mauris.eu@icloud.couk,Leinster,Ukraine,10
Orson Combs,massa@aol.couk,Leinster,Ireland,6
Claudia Gates,scelerisque@protonmail.ca,Vĩnh Long,Mexico,2
Quintessa Sutton,accumsan.interdum@yahoo.com,Aragón,Philippines,0
Acton Fuller,euismod.urna@protonmail.org,Lagos,Sweden,9
Alyssa Olsen,luctus.ipsum.leo@hotmail.couk,Zhōngnán,South Africa,2
Nayda Leon,sapien.aenean@aol.net,Luxemburg,Brazil,10
Rhonda Morrow,quis.turpis@yahoo.edu,Overijssel,Spain,1
Darius Alston,placerat@google.net,North Chungcheong,Sweden,2
Regan Greene,donec@protonmail.net,Gävleborgs län,Italy,10
Michael Hatfield,morbi@hotmail.net,North Island,New Zealand,8
Shelly Cardenas,mus.aenean@google.edu,Casanare,France,5
Savannah Barton,et.euismod@google.ca,Xīnán,Austria,3
Cameron Turner,libero.mauris@google.couk,Samsun,Nigeria,9
Xavier Trevino,tincidunt.orci@icloud.net,Zeeland,New Zealand,4
Grant Lowery,sed.est@protonmail.com,Navarra,Poland,3
Michael Beard,risus.nunc@hotmail.edu,Hồ Chí Minh City,China,1
Joan Woods,suspendisse.eleifend@yahoo.net,Western Visayas,Nigeria,1
